dssp,target
0.0,0.02963248
1.0,0.05952486
2.0,0.04168522
